pdbCompoundId,pdbStructureId
08J,5te8
0LI,4c8b
0LI,4u0i
0LI,6tu9
0LI,3ik3
0MO,3i8v
13P,1wpq
147,2wgz
173,1sze
1E8,5p9i
1J4,4j53
1KS,4jkv
1LT,4jps
1N1,4qms
1N1,3g5d
1PG,1pin
1PG,6bbe
1PG,2arp
231,5phe
243,2vst
29S,4xi3
2C7,3dd8
2GG,2uwd
2HC,5bnl
2KL,2wi7
2OH,2e2r
2OP,4qo7
2YQ,4pjv
353,3f82
358,1ove
3AT,4lt6
3AT,1k90
3HE,6y0g
3PG,2wzb
3PG,4gwk
3PG,2p9t
3PO,1cul
3QZ,3qz1
3SY,6e8y
458,2b1v
462,2qu3
4BH,2ccs
4BM,7m0x
4DY,2n27
501,1zgv
50U,2zdk
5GP,1ex7
5ID,2c47
5ID,5ax3
5IG,2g1y
5IU,1a6y
5IU,1a31
5IU,1lei
5IU,3bsu
5MC,6xbo
5MC,6tb3
5MU,6mtd
5NS,3cft
5RM,1xm6
5SF,5ew8
62G,5hls
66F,7d5b
685,3emg
68H,7dhi
692,3fud
697,1x76
6D8,5irv
6EA,2f7z
6EU,6bwj
6RL,5kby
6T2,5lby
6T2,6bqp
701,2jh0
740,2r64
789,1zaf
793,3fpm
797,1u3s
7D6,5irq
7X1,2vwu
82A,2ojj
853,1o48
893,2h96
895,2uwl
8BR,5rhn
8BR,1ro9
8PR,3v5w
936,1kbq
94M,4z1g
997,1tft
9CR,5z12
9CR,1fm6
9DB,5nxc
9DG,7nq4
9PL,3t3z
9SC,7voe
9Y6,6agn
A3M,1n1m
A3P,1zrh
A3P,5x2b
A3P,2oq2
A5A,4eqg
ABN,3nzj
AC2,3mjr
ACD,4zga
ACM,2ozu
ACM,2ija
ACP,5jcb
ACP,7db9
ACY,1yrk
ACY,4it4
ACY,5ex3
ACY,3mp8
ACY,7o07
ACY,2hd4
ACY,7voj
ACY,1u4l
ACY,3qcd
ACY,1n5r
ACY,1g8f
ACY,1cay
ACY,1w69
ADE,3a7i
ADE,3bsf
ADE,1cb0
ADN,1q97
ADN,4ima
ADN,2eva
ADN,4pfj
ADN,2kqd
ADN,3o1c
ADN,4k87
ADX,3uie
AG,5f0w
AGS,6xtx
AGS,4jsp
AGS,5c03
AGS,6f0x
AHN,3pb8
AIB,2m5p
AIB,6rjp
AIB,6fj3
AKG,3inm
AKG,6yyu
AKG,3kv6
AKG,4hg3
ALA,5pgm
ALA,7d34
ALQ,1qr3
ALR,1az1
AMP,4gtw
AMP,4gqy
AMP,6x7u
AMP,5l95
AMP,6m79
AMP,2gm3
AMP,6l5m
AMP,6p8q
AMP,1obd
AMP,6pmt
AMP,6mv7
AMP,1xqs
AMP,1ror
AMP,6ofb
AMP,6oqq
AND,1j99
ANN,1o2e
AOM,3uzx
ASC,3tgy
ASN,6gyp
ASN,6ehj
ASP,2bb4
ASP,1apz
ASP,5hdb
ASP,3oek
ASR,1n4f
ATP,2a3z
ATP,6n8t
ATP,6uhc
ATP,5ofb
ATP,7pw7
ATP,3whl
ATP,1gz3
ATP,5i9e
ATP,6yy0
ATP,3a8w
ATP,2b6f
ATP,4usw
ATP,6gfa
ATP,7mq8
ATP,3cjc
ATP,2pav
ATP,3hmn
ATP,6l57
ATP,5u03
ATP,3gni
ATP,1yag
ATP,2q66
ATP,1y8p
ATP,3dwl
ATP,4fg7
ATP,6ech
ATP,7jk5
ATP,2aqx
ATP,5koy
ATP,2kmx
ATP,6jii
ATP,6zce
ATP,2ooy
ATP,4x6r
ATP,6ils
ATP,6zsp
AVF,3cej
AWY,5q1s
AXI,4ag8
AZM,1rj6
AZM,1yda
B1T,5d0r
B21,2xp3
B3N,4rsy
B3P,6atz
B3P,5i8b
B3P,2bzg
B49,6nfy
B65,3lee
BAX,3gcs
BDP,4c4m
BEZ,5ewz
BEZ,5ewu
BEZ,1kif
BEZ,5hwk
BGC,6v7z
BGC,6gdc
BGC,4kqm
BGC,6wlw
BGC,5koe
BGC,3ais
BGC,5fr2
BGC,1q33
BGC,3qt2
BGC,1hkb
BGC,6s0b
BHF,3pm0
BHO,4fl7
BI1,1xws
BI8,2vd5
BI9,6bql
BIA,1h1d
BME,3ew8
BME,1rjd
BME,1exu
BME,6xxh
BME,3dui
BME,6qwv
BME,2bb2
BME,1ksj
BME,1qip
BME,1zuo
BME,1cwr
BME,2cm0
BME,2a0z
BME,1xtk
BME,5yql
BME,1xjb
BME,3pdb
BME,5hgi
BME,1e6b
BME,6lvs
BME,3f92
BNG,4hhr
BNG,4pyp
BO2,5l5f
BPR,2ajd
BRU,1dp7
BTN,6xkb
BU1,3s3e
BU1,4fhl
BVD,2vqs
BZI,4dsu
C3S,5kwy
C3S,5nti
C5P,6apl
C5P,5ebe
CBP,1cxv
CDP,6aui
CDP,2cvu
CDP,5jpt
CE3,5nzy
CHD,3elz
CIR,6bij
CIR,4mcy
CIT,5d77
CIT,7mld
CIT,6hlo
CIT,7cd9
CIT,6x5j
CIT,1b1e
CIT,5z94
CIT,3v85
CIT,5k2o
CIT,3gft
CIT,6nrf
CIT,3bhd
CIT,4knn
CIT,4wgk
CIT,3alp
CIT,3mwd
CIT,5dft
CJD,4w2r
CK3,1pxk
CL9,2zi9
CLR,7ky5
CLR,7oca
CLR,6hij
CLR,6qex
CLR,6iiu
CLR,7f9y
CLR,6v38
CLR,7dw9
CLR,7lgu
CLR,4ib4
CLR,6iyc
CLR,6jxh
CLR,7na7
CLT,5yoq
CM4,1yim
CMO,3ag0
CMO,1m6c
CMO,1jeb
CMP,3u10
CO2,2vva
COA,4psw
COA,6sp0
COA,2cts
COA,5o9u
COA,4c2j
COA,4u9w
CPU,1cr6
CPZ,3ibd
CR3,1o2h
CR4,1p57
CSD,3tks
CSD,3uio
CSD,3uk7
CSD,5h5s
CSD,1gz8
CTA,1tyn
CTP,1udw
CTP,1twg
CTP,6q2p
CTP,4xsv
CTP,7mh0
CYS,4g1p
CYS,4bfe
CYS,7jwn
CYS,4ksz
CZX,6k42
D23,2b53
D3E,3d3e
DAB,3u4w
DAH,3teg
DAL,2iae
DAL,7f9z
DAL,5x3m
DAL,4qls
DAL,5efj
DAO,3rbq
DAO,1v9u
DAO,5hcn
DAO,4doo
DAS,5go7
DAS,6spw
DAS,4gln
DB8,5i9x
DB8,4qmn
DC8,2z4b
DCF,1a4l
DCM,7p9t
DCY,4g35
DCY,6l63
DD1,3bl7
DD2,3bl9
DDS,4x0p
DES,3erd
DEX,4uda
DFW,2brh
DFZ,2brm
DGB,2gvj
DGI,7k96
DGL,7kjn
DGN,4gls
DGP,2fc0
DGP,6yqm
DGT,4bzb
DHT,3l3x
DIF,1dvx
DIF,1pxx
DIO,6tn8
DIO,2w83
DIO,1kmq
DIO,5dn2
DIO,5vsd
DIO,2vqj
DIO,2g49
DKA,1e7e
DKA,1p8j
DLE,4oij
DLE,5j8p
DLY,6s35
DM2,5mra
DMS,1way
DMS,6rn7
DMS,4a5z
DMS,6nwk
DMS,6pjv
DMS,3qpp
DMS,5km8
DMS,2e3o
DMS,4lkp
DMS,5aqh
DMS,5ivj
DMS,4btk
DMS,6etj
DMS,1wbv
DMS,4o0c
DMS,6iup
DMS,6alz
DMS,4u77
DMS,4cv9
DMS,3mxf
DMS,6mk3
DMS,7bht
DMS,3g5t
DMS,5vbc
DMS,5jb8
DOC,7nv0
DOC,2aq4
DOD,7o60
DOD,2zwb
DOL,6zsa
DOL,6zs9
DPN,1dva
DSG,7b3j
DSN,6o4m
DSN,4gln
DTP,2wgh
DTR,6psa
DTT,3wh0
DTT,5z7a
DTT,4n9e
DTU,2h00
DTU,4auw
DTV,3i9t
DTY,7kjn
DXE,5lgq
E04,1zq5
E20,4ey7
ED9,3wgp
EDN,1bkc
EDO,2wpk
EDO,4asc
EDO,1mr3
EDO,6l0v
EDO,6qml
EDO,5w67
EDO,5ix0
EDO,4bhx
EDO,3zni
EDO,4p9t
EDO,5zun
EDO,2y7b
EDO,4pxl
EDO,4ahf
EDO,6bxa
EDO,7kg0
EDO,6b1a
EDO,5jgy
EDO,5dkh
EDO,3ugd
EDO,5c0k
EDO,4y7r
EDO,6xz3
EDO,6v62
EDO,7lm2
EDO,6i7s
EDO,6ml3
EDO,6gnq
EDO,4utn
EDO,4frz
EDO,6oqq
EDO,3rau
EDO,5a64
EDO,3l5i
EDO,6h57
EDO,6byb
EDO,2b3x
EDO,6e8z
EDO,5kpr
EDO,5c07
EDO,3v6o
EDO,5men
EDO,1xjb
EDO,6es4
EDO,6fy5
EDO,3a4r
EDO,5mf6
EDO,5dgo
EDO,6gzy
EDO,5i9j
EDO,4xr8
EDO,4pzh
EDO,6z9v
EDO,1qpc
EDO,4bbq
EDO,3nps
EDO,2j59
EDO,5ow5
EDO,4eb8
EDO,3vhv
EDO,4e4w
EDO,2jil
EDO,4bc2
EDO,6hrl
EDO,3bhb
EDO,5tzp
EDO,6zsp
EDO,7pi4
EDO,3w1w
EDO,1bt0
EDO,3b4v
EDO,6git
EDO,5umt
EDO,6x5h
EDO,3u12
EDO,6p3d
EDO,6eg0
EDO,2v62
EDO,4o8x
EDO,6d66
EDO,6op8
EDO,4s22
EDO,4nob
EDO,5i9u
EDO,7kys
EDO,3nxb
EDO,6g4q
EDO,6qwv
EDO,2v1x
EDO,6r2l
EDO,6fak
EDO,6ghm
EDO,3uud
EDO,7lcz
EDO,5gvd
EDO,4p3f
EDO,6xom
EDO,2nte
EDO,4bsv
EDO,4y1h
EDO,6uci
EDO,5vjn
EDO,4tmp
EDO,4wiq
EDO,7l05
EDO,1sxr
EDO,5txk
EDO,6xkg
EDO,6tbl
EDO,4hzr
EDO,5x9a
EDO,6dj3
EDO,4mjs
EDO,4gs6
EDO,4p3c
EDO,5svj
EDO,3bj9
EDO,6gva
EDO,7lj1
EDO,6gzc
EDO,3pry
EDO,4z0r
EDO,6yei
EDO,3bn9
EDO,3rlo
EDO,4bu1
EDO,5yf0
EDO,3qag
EDO,5hcc
EG3,1cny
EMO,3bqc
ENO,1ca7
EOH,3ud1
EOH,7aia
EOH,3uew
EOH,1a7s
EOH,2pl3
EOH,2qra
ERG,6r4n
EST,4jvl
ETA,5gjv
ETE,6hep
ETF,6bcr
EVK,6gdq
EZL,3mdz
F50,5wkc
F77,2ea2
FAD,1e6e
FAD,6u9h
FAD,2wbi
FAD,2du8
FAD,2vig
FAD,2ckj
FAD,1an9
FAD,5x68
FAD,2dw4
FAD,4fwe
FAD,1oqc
FAD,3qfa
FAD,6fnu
FBP,2vgb
FBP,6ech
FFA,2ipj
FFO,6qyq
FGA,2eax
FIL,1xlz
FIT,3g1r
FK5,1yat
FK5,1bkf
FLF,5dq8
FLF,4i5x
FLN,4hki
FMM,3bbt
FMN,5xtb
FMN,1he4
FMN,6li0
FMN,1n07
FMN,4ttb
FMN,1uum
FMT,7p3b
FMT,6mm7
FMT,5cbt
FMT,3f5r
FMT,6nwk
FMT,1jtp
FMT,4by3
FMT,1jlj
FMT,3i7g
FMT,3l33
FMT,4ihb
FMT,5nvn
FMT,1tbu
FMT,5ywr
FOR,5lvs
FOR,1r1l
FRG,1m48
FRU,4iw1
FTR,2jt8
G15,2j94
G2F,1h6m
G3P,1fdj
G6L,7cmu
GAI,1rbw
GDP,2wmn
GDP,6xer
GDP,6mtd
GDP,1r5n
GDP,6kpp
GDP,1hh4
GDP,2fol
GDP,5do9
GDP,7ls1
GDP,2cjw
GDP,6vkj
GDP,3p27
GDP,1z0a
GDP,5g53
GDP,2gf9
GDP,1zcb
GDP,4lhy
GDP,7cpd
GDP,6upq
GDP,7ckf
GDP,5c2j
GDP,5ca0
GDP,7mge
GDP,1yzg
GDP,7odt
GDP,6au6
GDP,6vij
GDP,3ea5
GDP,2b6h
GDP,1xtq
GDP,1ije
GDP,6rev
GGL,1bx9
GLA,1e4k
GLA,3h55
GLA,3v2u
GLN,6yjy
GLN,7mip
GLN,5ddp
GLN,7miu
GLU,1gss
GLU,3ig5
GLU,1bui
GLU,4gdx
GLU,5lhq
GLU,6swn
GLU,1fq5
GLU,7p9u
GLV,2bkw
GLY,6a9t
GLY,6i8b
GLY,6n48
GLY,3zev
GLY,6d66
GLY,2yd1
GLY,3pm3
GMP,4pz6
GNP,1ek0
GNP,3tnf
GNP,2ew1
GNP,2ke5
GNP,6yal
GNP,2ocb
GNP,2y8e
GNP,5uws
GNP,1m2o
GNP,4uj5
GNP,3zjc
GNP,1r5o
GNP,4goj
GNP,1kmq
GNP,1he8
GOK,6hsk
GOL,4ijc
GOL,5vz5
GOL,4pyh
GOL,3e77
GOL,3vp6
GOL,5w06
GOL,3d9y
GOL,6chd
GOL,4x8p
GOL,5heb
GOL,5my6
GOL,6u0a
GOL,6jwh
GOL,6tym
GOL,2xzg
GOL,5mdu
GOL,6kmj
GOL,5ky5
GOL,6q9q
GOL,5ulf
GOL,3kcz
GOL,4yht
GOL,6hrr
GOL,4qsr
GOL,5lpx
GOL,5d3a
GOL,2w2j
GOL,6f7i
GOL,5nfj
GOL,6ddr
GOL,2ygv
GOL,2cii
GOL,2nne
GOL,3i2w
GOL,1tjm
GOL,3pzd
GOL,6ozj
GOL,5tbp
GOL,4kmd
GOL,5a9d
GOL,4dmx
GOL,6tky
GOL,6y2d
GOL,5g08
GOL,7pgn
GOL,1mj4
GOL,4nn2
GOL,4gxb
GOL,2boa
GOL,2x58
GOL,2bck
GOL,4ir3
GOL,5w2a
GOL,3pdo
GOL,2wut
GOL,4wv4
GOL,4om3
GOL,3l4q
GOL,3tj5
GOL,4hwh
GOL,5lae
GOL,3gny
GOL,6w9a
GOL,3nj0
GOL,5f0k
GOL,4dn4
GOL,1c3d
GOL,5aim
GOL,2qw9
GOL,3d42
GOL,3bdy
GOL,4esk
GOL,3b3i
GOL,1of8
GOL,5aqf
GOL,5jct
GOL,1ssg
GOL,2xjj
GOL,6zov
GOL,1kt8
GOL,1h8u
GOL,4axc
GOL,4nt4
GOL,4n1j
GOL,5tso
GOL,3wzd
GOL,3a4u
GOL,5xyj
GOL,6u5l
GOL,6ig8
GOL,5ljn
GOL,3pg6
GOL,4pij
GOL,2ok5
GOL,6oe9
GOL,2e0o
GOL,7bji
GOL,2gk2
GOL,1opk
GOL,2xfv
GOL,2i1y
GOL,6zr7
GOL,3k40
GOL,5ifm
GOL,1n3l
GOL,6jkk
GOL,7kjo
GOL,4as4
GOL,3lnj
GOL,6o8u
GOL,7lz0
GOL,6wi7
GOL,5y3t
GOL,6pau
GOL,2xiy
GOL,1ofc
GOL,2uy2
GOL,2zpk
GOL,5fcr
GOL,4rs1
GOL,3zep
GOL,5htk
GOL,2hrc
GOL,4qhu
GOL,6fc1
GOL,5m5s
GOL,3ead
GOL,4hcp
GOL,7bp5
GOL,1kq6
GOL,3ua6
GOL,6b8j
GOL,6rmv
GOL,6mg1
GOL,4h1y
GOL,3qf1
GOL,6up5
GOL,3d80
GOL,6fzt
GOL,4oi4
GOL,2wek
GOL,6c1t
GOL,6qff
GOL,3e0n
GOL,5gox
GOL,3my1
GOL,4m0w
GOL,4dyo
GOL,3vf0
GOL,6n53
GOL,5lnr
GOL,3v3e
GOL,5oho
GOL,5dfl
GOL,5r9a
GOL,3uly
GOL,2hrb
GOL,6skh
GOL,2qqi
GOL,3cc6
GOL,5oyl
GOL,6iie
GOL,3onn
GOL,2ogb
GOL,5e8j
GOL,4zrj
GOL,4b0a
GOL,5wne
GOL,2xl2
GOL,1x7q
GOL,4mnq
GOL,4r1j
GOL,3k2o
GOL,4tk1
GOL,3ec8
GOL,6ht9
GOL,5w7d
GOL,4i9y
GOL,3vln
GOL,2v9k
GOL,3lxb
GOL,5hgi
GOL,6yjz
GOL,2nqc
GOL,4qzu
GOL,1qki
GOL,6ens
GOL,4e8f
GOL,5nmz
GOL,5hzv
GOL,3zo1
GOL,5naf
GOL,4xwh
GOL,5ifs
GOL,3d2r
GOL,6mlc
GOL,3w8j
GOL,4hp4
GOL,1emu
GOL,6q2v
GOL,7jto
GOL,6we8
GOL,4xe4
GOL,2c5l
GOL,4qmg
GOL,3hhq
GOL,2v8f
GOL,4bqe
GOL,4ysi
GOL,4j9f
GOL,5txr
GOL,5yco
GOL,2wcp
GOL,5wi8
GOL,3be8
GOL,7nw1
GOL,6ve8
GOL,6bgf
GOL,4isq
GOL,6rir
GOL,5d9k
GOL,4igk
GOL,5oc7
GOL,4f7z
GOL,5n7d
GOL,3t6q
GOL,6c6n
GOL,6ldm
GOL,1t1v
GOL,6d3y
GOL,1gml
GOL,6rkf
GOL,6fol
GOL,6zee
GOL,5l3r
GOL,2w2i
GOL,2vm5
GOL,3zbv
GOL,5bnx
GOL,5no0
GOL,2v1e
GOL,4s15
GOL,6l9j
GOL,1e79
GOL,6hol
GOL,6j4o
GOL,2yq6
GOL,6f4q
GOL,5uwp
GOL,3zhl
GOL,2dfk
GOL,3fqd
GOL,4yef
GOL,7lwh
GOL,6fxi
GOL,6tgs
GOL,6w3z
GS6,2j34
GSH,4e8h
GSH,6xpc
GSH,1gse
GSH,1pd2
GSP,2w2x
GSP,1tnd
GTP,3gjx
GTP,5ij0
GTP,3tkl
GTP,7vex
GTP,3w3z
GTP,7osa
GTP,6wcw
GTP,2wbe
GTP,3zjy
GTP,1c80
GTP,4lhz
GTP,6sb0
GTP,6qx9
GTP,4arz
GTP,6bjc
GTP,6whe
GTP,1j2j
GTP,6s6a
GTP,5gan
GTP,6vbv
GTP,5lef
GTP,5mps
GTP,7mq9
GTP,1loo
GTP,2bku
GTP,4hmy
GTP,6vpo
GTP,7db9
GTP,6lqu
GTP,5dis
GTP,6ii6
GTP,5yzg
GTP,5xjc
GTP,6zp4
GTP,6qw6
GTP,6zqb
GUA,5nya
H25,2vwn
H4B,4d1n
H4B,1df1
H52,3d9v
H52,2gnh
H52,1q8u
H8D,6dry
HAE,1am6
HAE,2ow9
HC3,6m49
HC3,6bym
HC4,2j3j
HCY,2vdy
HDS,1lic
HDT,1oit
HEZ,3ox6
HEZ,4wrc
HEZ,4n7q
HFG,6mn8
HG0,7dsx
HGU,1dj5
HIC,1atn
HIC,2a3z
HIC,6w17
HIC,1c0f
HIC,6upv
HIC,7ad9
HNT,2g70
HPP,5sxf
HSE,4c0j
HSM,7dfl
HXA,5y5c
HXA,1mv9
HYP,2m32
HYP,5ixq
HYP,6whz
I0G,2i0j
I3P,1oqn
I74,7b5o
IAC,2p1p
IBI,7lak
IBM,3itu
IBM,1zkl
IDB,2bxn
IFM,2nsx
IHP,4y94
IHP,7pw6
IHP,7dco
IHP,5yzg
IHP,1zsh
IHP,6ff4
IHP,6qx9
IHP,6qw6
IHP,5icn
IHP,7abi
ILB,2fpt
ILE,3imj
ILF,2fpy
IMN,4cox
IMP,2bzn
IN9,1usn
IPA,7kjm
IPA,4h25
IPA,2ipz
IPA,1lq8
IPA,1waw
IPA,6d43
IPA,3s6w
IPA,2vsm
IPA,2ri7
IPA,4gsj
IPH,3f39
IPH,1ai0
IRE,5y7z
IYR,3gfd
IYR,6d0y
J3Z,3hm1
J8C,7evy
JAN,1x81
JC9,7eu8
JEV,7db6
JT5,2jt5
JT6,2jt6
K21,1hak
KEL,3b7u
KIF,1ps3
KLN,2v0m
KOJ,5m8m
KSA,4wsq
KSA,1r0p
LAB,6gvc
LB7,6nzp
LC1,3ffp
LDP,2qmz
LEA,2x94
LEU,5m4l
LEU,1abw
LGD,2hvc
LIA,2fvd
LOC,5nkn
LU2,5auu
LZ5,2vtl
LZ9,4y72
M3L,5xfr
M3L,6ip4
M3L,3c6w
M3L,6v3x
M3L,3h91
M3L,2h6q
M3L,2l12
M3L,3u4s
M3L,4x3s
M3L,4ezh
M3L,4z0r
M3L,3mp1
M3L,2ybp
M3L,3o7a
M3L,3cxh
M3L,5kpj
M3L,5y20
M3L,4uy4
M3L,1up5
M3L,3iiw
M77,5lcp
MBG,1afa
MBN,3hat
MCM,1vdn
MDY,3g0u
ME5,2p95
MED,4gls
MES,1tqd
MES,1z0k
MES,3ogu
MES,1m52
MES,4obo
MES,7m96
MES,5w5z
MES,1xu9
MES,6uio
MES,5l5x
MES,3cz6
MES,6nf1
MES,2o6v
MES,6qip
MET,6woo
MFU,1rdi
MIX,4g0v
ML2,2qx8
MLA,7cxf
MLA,3s27
MLT,3b7o
MLT,3ipy
MLT,5u8q
MLT,7a0k
MMA,1rdl
MMS,5m8n
MNX,1m2q
MOF,4p6w
MOY,2ieh
MPB,2vk0
MPO,5i0i
MRK,1v4s
MSE,4ytl
MSE,5jjw
MSE,1kl7
MSE,3onx
MSE,2hdh
MSE,2xsz
MSE,2efk
MSE,5lbd
MSE,3s01
MSE,2oex
MSE,5ejc
MSE,3bpt
MSE,7dkh
MSE,4gc5
MSE,5cyj
MSE,1ydh
MSE,5xfc
MSE,3f3p
MSE,5szg
MSE,2cz2
MSE,3luk
MSE,2xtp
MSE,3q5d
MSE,2b3u
MSE,4q5j
MSE,5abs
MSE,2db7
MSE,4m75
MSE,2p42
MSE,4n9n
MSE,2yq8
MSE,1r5l
MSE,3k2o
MSE,6irx
MSE,2pqf
MSE,3jrv
MSE,4fu3
MSE,3ieg
MSE,2qnd
MSE,3hym
MSE,3p27
MSE,3kfo
MSE,1za4
MSE,3iab
MSE,3rbn
MSE,1w2w
MSE,2ic2
MSE,1yig
MSE,6zzz
MSE,3cb5
MSE,4hnm
MSE,1ztp
MSE,1l7c
MSE,1ifq
MSE,6mb2
MSE,4hkj
MSE,4bc2
MSE,4emz
MSE,7lc2
MSE,1j1l
MSE,1t9z
MSE,3enp
MSE,3od8
MSE,1w2f
MSE,3nul
MSE,1la2
MSE,7ccm
MSE,2p64
MSE,2y1y
MSE,3blv
MSE,6yxo
MSE,1fuu
MSE,5suz
MSE,5b2g
MSE,1muf
MSE,5yox
MSE,1x9n
MSE,3gro
MSE,4n6j
MSE,1or2
MSE,1y6n
MSE,3nfq
MSE,5le0
MSE,1zvd
MSE,3q5w
MSE,2a33
MSE,6koi
MSE,4fmw
MSE,2dh2
MSE,6psa
MSE,4au3
MSE,4k25
MSE,2x29
MSE,3vpy
MSE,4rv0
MSE,4eq4
MSE,4jo7
MSE,4ole
MSE,5h5p
MSE,3f3k
MSE,4nha
MSE,2r2o
MSE,2hjn
MSE,6ckn
MSE,5okc
MSE,3hlk
MSE,2e3v
MSE,4a8j
MSE,2oni
MSE,6n64
MSE,1z0n
MTA,1cg6
MTA,5fa5
MTA,7l1a
MTA,3c6k
MTX,4kn0
MTX,6smn
MXX,3gam
MYR,5w78
MYR,7c9v
MYR,6hil
MYR,6pau
MYR,5o9s
MYR,7a9y
MYR,4iqr
MYR,2bao
MYR,2e56
MYR,3sz1
MYR,6h6a
N4E,3ebs
N4T,2fl2
NAD,1dhs
NAD,1v59
NAD,1ht0
NAD,2zit
NAD,3hdh
NAD,1pl6
NAD,4rmg
NAD,1bxs
NAD,1kqn
NAD,6rw5
NAD,1fdv
NAD,4zvv
NAD,1grb
NAP,2j3n
NAP,5t95
NAP,2y05
NAP,3wcz
NAP,1yb5
NAP,1qki
NAP,2nvk
NAP,1t09
NAR,2brt
NAT,1q0b
NCC,6qvt
NDD,1hac
NDG,1jv2
NDG,3czn
NDG,6pku
NDG,1lq8
NDG,1fzd
NDG,1sl6
NDG,1i1a
NDG,3nvn
NDG,1qdd
NDG,1ozn
NDP,2gv8
NDP,2gcg
NDP,1n7g
NDP,1frb
NDP,6wxv
NDP,2i99
NIM,3e9x
NIO,5y9m
NJV,6oyt
NLA,3n8i
NLE,6d3o
NLE,7f54
NLE,5c3g
NLG,3zzf
NLG,4yj4
NME,4umn
NME,2jxr
NO3,4i8v
NO3,6ssu
NO3,7ne1
NO3,3pew
NO3,4gt4
NO3,5jon
NO3,6sqr
NO3,4on3
NO3,3iid
NO3,4f1l
NO3,3jub
NO3,3rbs
NO3,5kpf
NO3,5efj
NO3,3gzd
NO3,3rl5
NOG,3d90
NOJ,4hp0
NOS,1rct
NPO,5bxj
NPO,2zvp
NTM,3c2o
OCA,5efi
OCA,2eum
OCB,1xl8
OKA,1jk7
OLA,1lfo
OLA,4or2
OLA,6fj3
OLA,4jkv
ORN,5bmm
ORN,3gmz
ORO,1d3g
ORO,1uum
OX5,2ooz
OXY,3pu8
OXY,1rza
OXY,1y01
OXY,1sdw
P2E,7d7m
P2Z,4ma7
P4G,5ih2
P5P,6zsa
PAC,2ine
PAM,5uwg
PB5,1xur
PCA,1wgc
PCA,5mo3
PCA,7dce
PCA,7f8w
PCA,2zpk
PCA,2agj
PCA,4m7l
PCA,4mzv
PCF,6giq
PDO,4y88
PEO,5nue
PEP,1hfb
PFA,1n46
PFD,1you
PGA,1a3w
PGA,2vgb
PGA,1ofo
PGE,6z1v
PGE,4dtg
PGE,4mpw
PGE,6git
PGE,6lga
PGE,4gut
PGE,4ld1
PGE,5y9z
PGE,6vua
PGE,6qzh
PGE,3klt
PGE,6abs
PGE,6uxe
PGE,6shh
PGE,5jjm
PGE,4uv0
PGE,5mj3
PGE,5js6
PGE,5lxi
PGE,4ews
PGE,5wgm
PGE,5f09
PGE,5brr
PGE,3i9a
PHE,6uob
PHE,3l4g
PHE,1dan
PHL,4y75
PIT,2jj1
PLB,2q6s
PLH,1hfc
PLM,5w78
PLM,2rh1
PLM,6bml
PLM,4ib4
PLP,3kgw
PLP,1em6
PLP,3dyd
PLP,1b54
PLP,1jbq
PLP,2c2b
PLP,5qqq
PLP,2z1z
PLP,3ii0
PLP,3vbe
PLP,6nzu
PLP,4je5
PMP,5hdm
PNU,3r8d
PNX,3tvx
POF,3c7p
PPI,5a7r
PPV,1xsp
PQB,2baq
PQN,5l8r
PRL,1bcu
PRM,6esj
PRO,2zdl
PRO,4k87
PTL,1rek
PTR,7q5t
PTR,4jmh
PTR,1csy
PTR,3buw
PTR,4ey0
PTR,1sha
PTR,7o7i
PTR,4ian
PTR,4gfv
PTR,2lqw
PTR,1qg1
PTR,2f9g
PTR,5lq0
PTR,4trl
PTR,1k3a
PTR,5hz1
PTR,2ivt
PTR,6pxc
PTR,4a49
PTR,1fhr
PYR,4jgt
PYR,1fcb
PYR,2qf2
PYS,2ipp
QCP,6uo3
QUE,1gp6
QY1,6vgc
R18,1e3k
R1H,7a6e
R75,7d6j
RAL,7opn
RBF,1l5r
RBT,4cp3
RBV,5axd
RC8,3ddp
RCO,1evr
RDC,2q8i
REA,1cbs
REA,4tns
REM,3d91
RIP,6qrn
RMA,1s3b
RPR,1ezq
RTL,1iiu
RTL,1qab
RTL,5h8t
RUT,1ry8
RWF,1h9z
S14,2fjp
S1A,3gid
S58,1cx2
SAH,3oii
SAH,3rib
SAH,5ex3
SAH,4mtl
SAH,4ft4
SAH,4au7
SAH,6nt2
SAH,6kdr
SAH,4pwy
SAH,6j99
SAH,2f69
SAN,6rl9
SAR,1m63
SAR,2rmc
SAV,3cjf
SB4,6sov
SC0,2z4z
SEP,2lic
SEP,4no3
SEP,7e9h
SEP,5uzk
SEP,3k05
SEP,1u7f
SEP,3tnq
SEP,2laz
SEP,4wjn
SEP,3g2w
SEP,5d3e
SEP,6xxc
SEP,4yk9
SEP,5k6s
SEP,6rmm
SEP,7czm
SEP,6y1j
SEP,6fel
SEP,3fqu
SEP,6yia
SEP,4rrv
SEP,5ezv
SEP,4din
SEP,3iqj
SEP,2n04
SEP,6f09
SEP,1t15
SEP,3uzd
SEP,6du3
SEP,3tmp
SEP,3fqr
SEP,6y44
SEP,4euu
SEP,1b4g
SEP,2c63
SEP,1bkx
SEP,5xjc
SEP,2kmd
SEP,7nj0
SEP,4l1j
SEP,6w9e
SEP,3ama
SEP,3ueo
SER,4rqe
SER,4n69
SFG,3qww
SFG,6v0n
SHH,3c0z
SIA,5e8e
SIM,4xw2
SIN,6ydx
SIN,4nqm
SIN,1au8
SMC,1czi
SMS,1eou
SPD,7o80
SPM,6gaw
SPS,5dge
SRE,6awo
SRO,5mam
SRT,2jbm
SRT,5ih4
SRT,3osm
STE,1e7i
STR,1ya3
STU,1xjd
STU,3d7t
STU,4cfe
STU,2z7r
STU,3lcs
SU6,5yvc
SUV,4zj8
T3S,3d8y
T4A,6tsg
TA1,3dco
TAR,3d42
TAR,1em2
TAR,3o4t
TAR,2rku
TBU,5ms4
TBU,4mu8
TCW,4d7b
TDB,7nku
TES,1jtv
TFP,3ko0
THR,7vux
THR,6tth
TLA,1alu
TLA,4job
TLA,2c91
TLA,2gpt
TLA,6vpr
TLA,5ip5
TLA,4wjx
TMG,3sfe
TNG,4fr8
TOP,2w3a
TOR,5jna
TRP,5l60
TRP,5w6y
TRP,2oc2
TRP,5k5s
TSA,3csm
TSN,3c10
TSU,7cc7
TTC,1k4t
TTP,2cvy
TTP,5tf8
TUO,3b4f
TYI,4ikm
TYL,1tyl
TYR,7rs3
U1N,2ogz
U2F,5uw0
U49,1ld8
U5P,2qcd
U5P,1fgx
UD1,1hzj
UDP,3o3c
UDP,4ay5
UDP,6s24
UDP,1on8
UMP,1z4i
UPG,4wma
UPG,1g93
URE,4yv8
URE,7a36
URE,1xr8
URE,5ni9
URF,6l0b
UTP,4lil
UTP,4at9
VAL,1au8
VAL,2bo9
VAR,3bhv
VDX,5h1e
VIA,3jwq
VIB,1ig3
VX6,6brj
VX6,4af3
VX7,6o2p
VXX,2ye3
WSK,1t84
WW7,2kfx
X2N,7niw
XAO,1psa
XE,2fic
XE,1vgi
XE,1kqn
XIN,3c7q
Y27,2etr
YDJ,4w9w
YG7,7lwd
YMX,5fto
YWA,5s9r
ZED,2ewb
ZMR,2f0z
ZN,7eez
ZN,4ybg
ZN,6ji8
ZN,4zzj
ZN,7nkx
ZN,2hd1
ZN,6kr6
ZN,1z1l
ZN,5u9m
ZN,1u9k
ZN,6ze9
ZN,6g86
ZN,1jm7
ZN,2wwz
ZN,4rn5
ZN,2rjq
ZN,6jwj
ZN,7oo3
ZN,4n4h
ZN,2yu4
ZN,3czt
ZN,2p4n
ZN,7ad8
ZN,6h0f
ZN,2woo
ZN,2lk0
ZN,2ema
ZN,2l6l
ZN,6ff4
ZN,1n08
ZN,7kzp
ZN,5gpy
ZN,6tnt
ZN,5f6l
ZN,7bjk
ZN,3zwf
ZN,1q14
ZN,2znr
ZN,2d9l
ZN,3jc6
ZN,4nt5
ZN,2y33
ZN,4o6f
ZN,1i27
ZN,1wev
ZN,4bkx
ZN,5jea
ZN,7ef8
ZN,4bbq
ZN,3lyr
ZN,6tm5
ZN,4ral
ZN,4cos
ZN,5kl1
ZN,6w7z
ZN,5oqj
ZN,5td7
ZN,5gj9
ZN,6agb
ZN,7k04
ZN,2yuu
ZN,6ww4
ZN,4ns5
ZN,1llm
ZN,7onb
ZN,6v9i
ZN,2fc7
ZN,3n1m
ZN,3we4
ZN,2fc6
ZN,3w0f
ZN,2kdp
ZN,7lup
ZN,6ace
ZN,3lcn
ZN,1x3h
ZN,1pd0
ZN,3dwb
ZN,7cq2
ZN,2zne
ZN,2k4d
ZN,7pok
ZN,1oht
ZN,5zbu
ZN,7roy
ZN,1r5t
ZN,7mq9
ZN,1jd5
ZN,6z6l
ZN,6hu9
ZN,2a2q
ZN,2m3h
ZN,2lt7
ZN,5oa3
ZN,2f4m
ZN,2yql
ZN,3ho5
ZN,6g18
ZN,7ohs
ZN,2g54
ZN,6r7q
ZN,5z98
ZN,3g0z
ZN,4a49
ZN,3wv6
ZN,3h1k
ZN,6ijm
ZN,3m99
ZN,4yh8
ZN,4jcj
ZN,3cpm
ZN,4lqy
ZN,6hhq
ZN,1q4q
ZN,2yqq
ZN,4gsl
ZN,5in3
ZN,3dqv
ZN,1by4
ZN,2v0p
ZN,1jd4
ZN,3m7p
ZN,1r79
ZN,3n1f
ZN,5vzj
ZN,6qc7
ZN,6l0a
ZN,1wew
ZN,5edv
ZN,5hh7
ZN,2eh9
ZN,6y2c
ZN,2cr8
ZN,5fwj
ZN,6iiu
ZN,2ysj
ZN,2oz4
ZN,2ecy
ZN,1df1
ZN,7d5s
ZN,1j8f
ZN,4lik
ZN,4hn5
ZN,6sqc
ZN,3jck
ZN,5zlq
ZN,2gp3
ZN,4i2x
ZN,1q3a
ZN,5lv0
ZN,6msb
ZN,7b5m
ZN,5v3j
ZN,2dq5
ZN,3ubf
ZN,1wg2
ZN,6sqs
ZN,1oxq
ZN,6uel
ZN,7of5
ZN,3jag
ZN,3s2q
ZN,4fwe
ZN,6skl
ZN,3kj4
ZN,3wwq
ZN,7pd3
ZN,6zn5
ZN,1s1g
ZN,7dvd
ZN,1xcr
ZN,4f9u
ZN,5lzs
ZN,5whg
ZN,1we9
ZN,4whv
ZN,7b5n
ZN,1r0n
ZN,3j9m
ZN,3mi9
ZN,6x38
ZN,7po9
ZN,1mvh
ZN,3qc3
ZN,2vje
ZN,2woj
ZN,5vzw
ZN,1wd2
ZN,2qyk
ZN,6zu9
ZN,4e4w
ZN,7dde
ZN,4n4t
ZN,7jhp
ZN,1vhh
ZN,2m7q
ZN,4o64
ZN,3r55
ZN,1hty
ZN,1piw
ZN,6jmt
ZN,2cf5
ZN,7dco
ZN,2emb
ZN,5ven
ZN,6hts
ZN,6zqc
ZN,6lqe
ZN,2hzc
ZN,6j74
ZN,3edi
ZN,5exh
ZN,3n56
ZN,2muq
ZN,2jih
ZN,4ui9
ZN,7kc0
ZN,5z62
ZN,3ll8
ZN,6lqr
ZN,1qhw
ZN,1hcp
ZN,1eub
ZN,5gk9
ZN,5ow3
ZN,7nwi
ZN,5fc1
ZN,3i3t
ZN,6me6
ZN,3eh1
ZN,5wfc
ZN,5c7f
ZN,2mt5
ZN,3cjj
ZN,6hv9
ZN,5lj3
ZN,4dl9
ZN,4xb8
ZN,3jct
ZN,5m8l
ZN,1iau
ZN,2cu8
ZN,6tb3
ZN,1kb2
ZN,2m9w
ZN,2kr1
ZN,2enn
ZN,5we1
ZN,2cqf
ZN,5h65
ZN,6zvj
ZN,5wg6
ZN,2ghf
ZN,5lzy
ZN,2yqm
ZOL,2e91
ZQU,6fn1
ZZ1,5gza
ZZ2,2wi1
ZZ6,2wi6
